created_time,message,id
created_time,message,id
created_time,message,id
created_time,message,id
created_time,message,id
created_time,message,story,id
created_time,message,id
created_time,message,id
created_time,message,id
created_time,message,id
created_time,message,id
created_time,message,story,id
created_time,message,id
created_time,message,id
created_time,message,story,id
created_time,message,id
created_time,message,story,id
created_time,message,id
created_time,message,id
created_time,message,id
created_time,message,id
created_time,message,id
created_time,message,id
created_time,message,id
created_time,message,id
created_time,message,id
created_time,message,id
created_time,message,id
created_time,message,id
created_time,message,id
created_time,message,id
created_time,message,story,id
created_time,message,id
created_time,message,id
created_time,message,id
created_time,message,id
created_time,message,story,id
created_time,message,id
created_time,message,story,id
created_time,message,id
created_time,message,id
created_time,message,story,id
created_time,message,id
created_time,message,story,id
created_time,story,id
created_time,story,id
created_time,message,id
created_time,message,id
created_time,message,id
created_time,message,story,id
created_time,story,id
created_time,message,id
created_time,message,story,id
created_time,message,id
created_time,message,story,id
created_time,message,id
created_time,message,id
created_time,message,id
created_time,message,id
created_time,message,id
created_time,message,id
created_time,message,id
created_time,message,id
created_time,message,id
created_time,story,id
created_time,message,id
created_time,message,id
created_time,message,id
created_time,message,id
created_time,message,id
created_time,message,id
created_time,message,id
created_time,message,id
created_time,message,id
created_time,message,id
created_time,message,id
created_time,message,id
created_time,message,id
created_time,message,id
created_time,message,id
created_time,message,id
created_time,message,id
created_time,message,id
created_time,message,id
created_time,message,id
created_time,message,id
created_time,message,id
created_time,message,id
created_time,message,id
created_time,message,id
created_time,message,id
created_time,message,id
created_time,message,id
created_time,message,id
created_time,message,id
created_time,message,id
created_time,message,story,id
created_time,message,id
created_time,message,id
created_time,message,id
created_time,message,id
created_time,message,id
created_time,message,id
created_time,message,id
created_time,message,id
created_time,message,id
created_time,message,id
created_time,message,id
created_time,message,id
created_time,message,id
created_time,message,id
created_time,message,id
created_time,message,id
created_time,message,id
created_time,message,id
created_time,message,id
created_time,message,id
created_time,message,id
created_time,message,id
created_time,message,id
created_time,id
created_time,message,story,id
created_time,message,id
created_time,message,id
created_time,message,id
created_time,message,id
created_time,message,id
created_time,message,id
created_time,message,id
created_time,message,id
created_time,message,id
created_time,message,id
created_time,message,id
created_time,message,id
created_time,message,id
created_time,message,id
created_time,message,id
created_time,message,id
created_time,message,id
created_time,message,story,id
created_time,message,id
created_time,message,id
created_time,message,story,id
created_time,message,id
created_time,message,story,id
created_time,message,id
created_time,message,story,id
created_time,message,id
created_time,message,story,id
created_time,message,id
created_time,message,id
created_time,message,id
created_time,message,id
created_time,message,story,id
created_time,message,id
created_time,message,id
created_time,message,story,id
created_time,message,id
created_time,message,id
created_time,message,story,id
created_time,message,story,id
created_time,message,id
created_time,story,id
created_time,message,id
created_time,story,id
created_time,message,story,id
created_time,message,id
created_time,message,id
created_time,message,id
created_time,message,id
created_time,message,id
created_time,story,id
created_time,message,id
created_time,message,story,id
created_time,message,story,id
created_time,story,id
created_time,message,story,id
created_time,message,story,id
created_time,message,story,id
created_time,message,story,id
created_time,message,story,id
created_time,message,story,id
created_time,message,id
created_time,message,id
created_time,message,id
created_time,story,id
created_time,story,id
created_time,story,id
created_time,story,id
created_time,story,id
created_time,message,id
created_time,message,id
created_time,message,id
created_time,message,story,id
created_time,story,id
created_time,message,story,id
created_time,message,story,id
created_time,message,id
created_time,message,id
created_time,story,id
created_time,message,id
created_time,message,id
created_time,story,id
created_time,message,id
created_time,message,id
created_time,message,id
created_time,message,id
created_time,message,id
created_time,message,id
created_time,message,id
created_time,message,id
created_time,message,id
created_time,message,story,id
created_time,message,id
created_time,message,id
created_time,message,id
created_time,message,id
created_time,message,id
created_time,message,id
created_time,message,id
created_time,message,id
created_time,message,id
created_time,message,id
created_time,message,id
created_time,message,id
created_time,message,id
created_time,message,id
created_time,message,id
created_time,message,id
created_time,message,id
created_time,message,id
created_time,message,id
created_time,message,id
created_time,message,id
created_time,message,id
created_time,message,id
created_time,message,id
created_time,message,id
created_time,message,id
created_time,message,id
created_time,message,id
created_time,message,id
created_time,message,id
created_time,message,id
created_time,message,id
created_time,message,id
created_time,message,id
created_time,message,id
created_time,message,id
created_time,message,id
created_time,message,id
created_time,message,id
created_time,message,id
created_time,message,id
created_time,message,id
created_time,message,id
created_time,message,id
created_time,message,id
created_time,message,id
created_time,message,id
created_time,message,id
created_time,message,id
created_time,message,id
created_time,message,id
created_time,message,id
created_time,message,id
created_time,message,id
created_time,message,id
created_time,message,id
created_time,message,id
created_time,message,id
created_time,message,id
created_time,message,id
created_time,message,id
created_time,message,story,id
created_time,message,id
created_time,message,id
created_time,message,story,id
created_time,message,id
created_time,message,id
created_time,message,id
created_time,message,id
created_time,message,id
created_time,message,id
created_time,message,id
created_time,message,id
created_time,message,id
created_time,message,id
created_time,message,id
created_time,message,id
created_time,message,id
created_time,message,id
created_time,message,id
created_time,message,id
created_time,message,id
created_time,message,story,id
created_time,message,id
created_time,message,id
created_time,message,id
created_time,message,id
created_time,message,id
created_time,message,id
created_time,message,id
created_time,message,id
created_time,message,id
created_time,message,id
created_time,message,id
created_time,message,id
created_time,message,id
created_time,message,id
created_time,message,id
created_time,message,id
created_time,message,id
created_time,message,id
created_time,message,id
created_time,message,id
created_time,message,id
created_time,message,id
created_time,story,id
created_time,story,id
created_time,message,id
created_time,message,id
created_time,message,id
created_time,message,id
created_time,message,id
created_time,message,id
created_time,message,id
created_time,message,id
created_time,message,id
created_time,message,id
created_time,message,id
created_time,message,story,id
created_time,message,id
created_time,message,id
created_time,message,id
created_time,message,id
created_time,message,id
created_time,message,id
created_time,message,id
created_time,message,id
created_time,message,id
created_time,message,id
created_time,message,id
created_time,message,id
created_time,message,id
created_time,message,id
created_time,message,id
created_time,message,id
created_time,story,id
created_time,message,id
created_time,message,id
created_time,message,id
created_time,message,id
created_time,message,id
created_time,message,id
created_time,message,id
created_time,message,id
created_time,message,id
created_time,message,story,id
created_time,message,story,id
created_time,message,story,id
created_time,message,story,id
created_time,message,id
created_time,message,id
created_time,message,id
created_time,message,id
created_time,message,id
created_time,message,id
created_time,message,id
created_time,message,id
created_time,message,id
created_time,message,id
created_time,message,id
created_time,message,id
created_time,message,id
created_time,message,id
created_time,message,story,id
created_time,message,id
created_time,message,id
created_time,message,id
created_time,message,id
created_time,message,id
created_time,message,id
created_time,message,id
created_time,message,id
created_time,message,id
created_time,message,id
created_time,message,id
created_time,message,id
created_time,message,id
created_time,message,id
created_time,message,id
created_time,message,id
created_time,message,id
created_time,message,id
created_time,message,id
created_time,message,id
created_time,message,id
created_time,message,id
created_time,message,id
created_time,message,id
created_time,message,id
created_time,story,id
created_time,story,id
created_time,message,story,id
created_time,message,id
created_time,message,id
created_time,story,id
created_time,id
created_time,id
created_time,message,id
created_time,message,id
created_time,message,id
created_time,message,id
created_time,message,id
created_time,message,id
created_time,story,id
created_time,story,id
created_time,message,story,id
created_time,message,id
created_time,message,id
created_time,message,id
created_time,message,id
created_time,message,id
created_time,message,story,id
created_time,message,id
created_time,message,story,id
created_time,message,id
created_time,message,id
created_time,message,story,id
created_time,message,id
created_time,message,story,id
created_time,message,id
created_time,message,id
created_time,message,id
created_time,message,id
created_time,message,id
created_time,message,id
created_time,message,story,id
created_time,message,id
created_time,message,id
created_time,message,id
created_time,message,id
created_time,message,id
created_time,message,id
created_time,message,id
created_time,message,id
created_time,message,id
created_time,message,id
created_time,message,id
created_time,message,id
created_time,message,id
created_time,message,id
created_time,message,id
created_time,message,id
created_time,message,id
created_time,message,id
created_time,message,story,id
created_time,story,id
created_time,message,id
created_time,message,id
created_time,message,id
created_time,message,id
created_time,message,id
created_time,message,id
created_time,message,id
created_time,message,story,id
created_time,message,story,id
created_time,message,id
created_time,message,id
created_time,message,id
created_time,message,id
created_time,message,id
created_time,message,story,id
created_time,message,id
created_time,message,id
created_time,message,id
created_time,message,id
created_time,message,id
created_time,message,story,id
created_time,message,story,id
created_time,message,id
created_time,message,id
created_time,message,story,id
created_time,message,story,id
created_time,message,id
created_time,message,id
created_time,message,id
created_time,message,id
created_time,message,id
created_time,message,id
created_time,message,story,id
created_time,message,id
created_time,message,id
created_time,message,id
created_time,message,id
created_time,message,id
created_time,message,id
created_time,message,id
created_time,message,id
created_time,message,id
created_time,story,id
created_time,message,id
created_time,message,id
created_time,message,id
created_time,message,id
created_time,message,id
created_time,message,story,id
created_time,message,id
created_time,message,id
created_time,message,id
created_time,message,id
created_time,message,id
created_time,message,story,id
created_time,message,id
created_time,message,id
created_time,story,id
created_time,id
created_time,message,id
created_time,message,id
created_time,message,story,id
created_time,message,id
created_time,message,id
created_time,message,id
created_time,id
created_time,message,id
created_time,message,id
created_time,message,id
created_time,message,id
created_time,message,id
created_time,story,id
created_time,message,story,id
created_time,message,id
created_time,message,story,id
created_time,message,id
created_time,message,id
created_time,message,id
created_time,message,id
created_time,message,id
created_time,message,id
created_time,message,id
created_time,message,id
created_time,message,id
created_time,message,id
created_time,message,id
created_time,message,id
created_time,message,story,id
created_time,message,story,id
created_time,message,story,id
created_time,message,id
created_time,message,id
created_time,message,id
created_time,id
created_time,message,id
created_time,message,id
created_time,message,id
created_time,message,id
created_time,message,id
created_time,message,id
created_time,message,id
created_time,message,id
created_time,message,id
created_time,message,id
created_time,message,id
created_time,message,story,id
created_time,message,id
created_time,message,id
created_time,message,id
created_time,message,id
created_time,message,id
created_time,message,id
created_time,message,story,id
created_time,message,id
created_time,message,story,id
created_time,message,id
created_time,message,id
created_time,message,story,id
created_time,message,id
created_time,message,id
created_time,message,id
created_time,message,id
created_time,message,id
created_time,message,id
created_time,message,id
created_time,message,id
created_time,message,id
created_time,message,story,id
created_time,message,story,id
created_time,message,id
created_time,message,id
created_time,message,id
created_time,message,id
created_time,message,id
created_time,message,id
created_time,message,story,id
created_time,message,story,id
created_time,message,id
created_time,message,id
created_time,message,story,id
created_time,message,id
created_time,message,id
created_time,message,id
created_time,message,id
created_time,message,id
created_time,message,id
created_time,message,id
created_time,story,id
created_time,message,id
created_time,message,id
created_time,message,id
created_time,message,id
created_time,message,id
created_time,message,id
created_time,message,id
created_time,message,id
created_time,message,id
created_time,message,id
created_time,message,id
created_time,message,id
created_time,message,id
created_time,message,id
created_time,message,id
created_time,message,id
created_time,message,id
created_time,message,id
created_time,message,id
created_time,message,id
created_time,message,id
created_time,message,id
created_time,message,id
created_time,message,id
created_time,message,id
created_time,message,id
created_time,message,id
created_time,message,id
created_time,message,id
created_time,message,id
created_time,message,id
created_time,message,id
created_time,message,id
created_time,message,id
created_time,message,id
created_time,message,id
created_time,story,id
created_time,message,id
created_time,message,id
created_time,message,id
created_time,message,id
created_time,message,id
created_time,message,id
created_time,message,id
created_time,message,id
created_time,message,id
created_time,message,id
created_time,message,id
created_time,message,id
created_time,message,id
created_time,story,id
created_time,message,id
created_time,message,id
created_time,message,id
created_time,message,id
created_time,message,id
created_time,message,id
created_time,message,id
created_time,story,id
created_time,message,id
created_time,message,id
created_time,message,id
created_time,message,id
created_time,message,id
created_time,message,id
created_time,message,id
created_time,message,id
created_time,story,id
created_time,message,id
created_time,message,id
created_time,message,id
created_time,story,id
created_time,message,id
created_time,message,id
created_time,message,id
created_time,message,id
created_time,message,id
created_time,message,id
created_time,message,id
created_time,message,id
created_time,message,id
created_time,message,id
created_time,message,id
created_time,message,id
created_time,message,id
created_time,message,id
created_time,message,id
created_time,message,id
created_time,message,id
created_time,message,id
created_time,message,id
created_time,story,id
created_time,message,id
created_time,message,id
created_time,message,id
created_time,message,id
created_time,message,id
created_time,message,id
created_time,message,id
created_time,message,id
created_time,message,id
created_time,message,id
created_time,message,id
created_time,message,id
created_time,message,id
created_time,story,id
created_time,story,id
created_time,message,id
created_time,message,id
created_time,message,id
created_time,message,id
created_time,message,id
created_time,message,id
created_time,message,story,id
created_time,message,story,id
created_time,message,id
created_time,message,id
created_time,message,id
created_time,message,id
created_time,message,id
created_time,message,id
created_time,message,id
created_time,message,id
created_time,message,id
created_time,message,id
created_time,message,id
created_time,message,story,id
created_time,message,id
created_time,message,id
created_time,message,id
created_time,message,id
created_time,message,id
created_time,message,id
created_time,message,id
created_time,message,id
created_time,message,id
created_time,message,id
created_time,message,id
created_time,story,id
created_time,message,id
created_time,message,id
created_time,message,id
created_time,message,id
created_time,message,id
created_time,message,id
created_time,message,id
created_time,message,id
created_time,message,id
created_time,message,id
created_time,message,id
created_time,message,id
created_time,message,id
created_time,message,id
created_time,message,id
created_time,message,id
created_time,message,id
created_time,message,id
created_time,message,id
created_time,message,id
created_time,message,id
created_time,message,id
created_time,message,id
created_time,message,id
created_time,message,id
created_time,message,id
created_time,message,id
created_time,message,id
created_time,message,id
created_time,message,id
created_time,message,id
created_time,message,id
created_time,message,id
created_time,message,id
created_time,message,id
created_time,message,id
created_time,message,id
created_time,message,id
created_time,message,id
created_time,message,id
created_time,message,id
created_time,message,id
created_time,message,id
created_time,message,id
created_time,message,id
created_time,message,id
created_time,message,id
created_time,message,id
created_time,message,id
created_time,message,id
created_time,message,id
created_time,message,id
created_time,message,id
created_time,message,id
created_time,message,id
created_time,message,id
created_time,message,id
created_time,message,id
created_time,message,id
created_time,message,id
created_time,message,id
created_time,message,id
created_time,message,id
created_time,message,id
created_time,message,id
created_time,message,id
created_time,message,id
created_time,message,id
created_time,message,story,id
created_time,message,id
created_time,message,id
created_time,message,story,id
created_time,message,id
created_time,message,id
created_time,message,id
created_time,message,id
created_time,message,id
created_time,message,id
created_time,message,id
created_time,message,id
created_time,message,id
created_time,story,id
created_time,message,id
created_time,message,id
created_time,message,id
created_time,message,id
created_time,message,story,id
created_time,message,id
created_time,message,id
created_time,story,id
created_time,message,id
created_time,message,id
created_time,story,id
created_time,message,id
created_time,message,id
created_time,message,id
created_time,story,id
created_time,message,id
created_time,message,id
created_time,message,story,id
created_time,message,id
created_time,message,id
created_time,message,id
created_time,message,id
created_time,message,id
created_time,message,id
created_time,message,id
created_time,message,id
created_time,message,id
created_time,message,id
created_time,message,id
created_time,message,id
created_time,message,id
created_time,message,id
created_time,message,id
created_time,message,id
created_time,message,id
created_time,message,id
created_time,message,id
created_time,message,id
created_time,message,id
created_time,message,id
created_time,message,id
created_time,message,id
created_time,message,id
created_time,message,story,id
created_time,message,id
created_time,message,id
created_time,message,id
created_time,message,story,id
created_time,message,id
created_time,story,id
created_time,message,id
created_time,message,id
created_time,message,id
created_time,message,id
created_time,message,id
created_time,message,id
created_time,message,id
created_time,message,id
created_time,message,id
created_time,story,id
created_time,message,id
created_time,message,id
created_time,message,id
created_time,message,id
created_time,message,id
created_time,message,id
created_time,message,id
created_time,message,id
created_time,message,id
created_time,message,id
created_time,message,story,id
created_time,story,id
created_time,story,id
created_time,message,story,id
created_time,story,id
created_time,message,id
created_time,story,id
created_time,story,id
created_time,message,id
created_time,story,id
created_time,message,id
created_time,message,story,id
created_time,message,id
created_time,message,story,id
created_time,message,story,id
created_time,message,story,id
created_time,message,id
created_time,message,story,id
created_time,message,story,id
created_time,message,story,id
created_time,message,id
created_time,message,id
created_time,message,story,id
created_time,message,story,id
created_time,message,story,id
created_time,message,story,id
created_time,message,id
created_time,message,id
created_time,message,id
created_time,message,id
created_time,story,id
created_time,message,id
created_time,message,story,id
created_time,message,id
created_time,message,id
created_time,message,story,id
created_time,message,id
created_time,message,story,id
created_time,message,story,id
created_time,message,story,id
created_time,message,id
created_time,message,id
created_time,message,id
created_time,message,id
created_time,story,id
created_time,message,id
created_time,message,id
created_time,message,story,id
created_time,message,story,id
created_time,message,story,id
created_time,message,id
created_time,message,story,id
created_time,message,story,id
created_time,message,id
created_time,message,story,id
created_time,message,id
created_time,message,story,id
created_time,message,id
created_time,message,id
created_time,message,story,id
created_time,message,story,id
created_time,message,story,id
created_time,message,story,id
created_time,message,story,id
created_time,message,story,id
created_time,message,id
created_time,message,story,id
created_time,message,id
created_time,message,id
created_time,id
created_time,message,story,id
created_time,message,id
created_time,message,story,id
created_time,message,id
created_time,message,story,id
created_time,story,id
created_time,message,id
created_time,message,id
created_time,message,id
created_time,message,story,id
created_time,message,story,id
created_time,message,story,id
created_time,message,id
created_time,message,id
created_time,message,story,id
created_time,message,id
created_time,message,story,id
created_time,message,id
created_time,message,id
created_time,message,id
created_time,message,id
created_time,message,story,id
created_time,message,story,id
created_time,message,id
created_time,message,story,id
created_time,story,id
created_time,message,story,id
created_time,message,id
created_time,message,id
created_time,message,id
created_time,message,story,id
created_time,message,id
created_time,message,id
created_time,message,id
created_time,message,story,id
created_time,message,id
created_time,message,id
created_time,message,id
created_time,message,id
created_time,message,id
created_time,message,id
created_time,story,id
created_time,story,id
created_time,message,id
created_time,message,id
created_time,message,id
created_time,message,id
created_time,message,id
created_time,message,id
created_time,message,id
created_time,message,id
created_time,message,id
created_time,message,id
created_time,message,id
created_time,message,id
created_time,message,id
created_time,message,id
created_time,message,id
created_time,message,id
created_time,message,id
created_time,message,id
created_time,message,id
created_time,message,id
created_time,message,id
created_time,message,id
created_time,message,id
created_time,message,id
created_time,message,id
created_time,id
created_time,story,id
created_time,message,id
created_time,message,id
created_time,message,id
created_time,message,id
created_time,message,id
created_time,message,id
created_time,message,id
created_time,message,id
created_time,message,id
created_time,message,id
created_time,message,id
created_time,message,id
created_time,message,id
created_time,message,id
created_time,message,id
created_time,message,id
created_time,message,id
created_time,message,id
created_time,message,id
created_time,message,id
created_time,story,id
created_time,message,id
created_time,message,id
created_time,message,id
created_time,message,id
created_time,message,id
created_time,message,id
created_time,story,id
created_time,id
created_time,message,id
created_time,message,id
created_time,message,id
created_time,id
created_time,story,id
created_time,message,id
created_time,message,id
created_time,message,id
created_time,message,id
created_time,message,id
created_time,message,id
created_time,message,id
created_time,message,id
created_time,story,id
created_time,message,id
created_time,message,id
created_time,message,id
created_time,message,id
created_time,message,id
created_time,message,id
created_time,message,story,id
created_time,message,story,id
created_time,message,story,id
created_time,message,id
created_time,message,id
created_time,message,id
created_time,message,id
created_time,message,id
created_time,story,id
created_time,message,story,id
created_time,message,id
created_time,message,id
created_time,message,id
created_time,message,id
created_time,message,id
created_time,message,id
created_time,message,id
created_time,message,id
created_time,message,id
created_time,story,id
created_time,story,id
created_time,story,id
created_time,story,id
created_time,message,id
created_time,message,id
created_time,message,id
created_time,message,id
created_time,message,id
created_time,message,id
created_time,message,id
created_time,message,id
created_time,message,id
created_time,message,id
created_time,message,id
created_time,message,id
created_time,message,id
created_time,message,id
created_time,story,id
created_time,message,id
created_time,message,id
created_time,message,id
created_time,message,id
created_time,message,id
created_time,message,id
created_time,message,id
created_time,message,id
created_time,story,id
created_time,message,id
created_time,message,id
created_time,message,id
created_time,id
created_time,story,id
created_time,message,id
created_time,message,id
created_time,message,id
created_time,message,id
created_time,message,id
created_time,message,id
created_time,message,id
created_time,message,id
created_time,message,id
created_time,message,id
created_time,message,id
created_time,story,id
created_time,id
created_time,story,id
created_time,story,id
created_time,message,id
created_time,message,id
created_time,message,id
created_time,message,id
created_time,message,id
created_time,message,id
created_time,message,id
created_time,message,id
created_time,message,id
created_time,message,id
created_time,message,id
created_time,message,id
created_time,message,id
created_time,story,id
created_time,id
created_time,message,id
created_time,message,id
created_time,message,id
created_time,message,id
created_time,message,id
created_time,message,id
created_time,message,id
created_time,message,id
created_time,message,id
created_time,message,id
created_time,message,id
created_time,story,id
created_time,message,id
created_time,message,id
created_time,message,id
created_time,message,id
created_time,message,id
created_time,message,id
created_time,message,id
created_time,message,id
created_time,message,id
created_time,message,id
created_time,message,id
created_time,message,id
created_time,message,id
created_time,message,id
created_time,message,id
created_time,message,id
created_time,message,id
created_time,message,id
created_time,message,id
created_time,message,id
created_time,message,id
created_time,message,id
created_time,message,story,id
created_time,message,id
created_time,message,story,id
created_time,message,id
created_time,message,story,id
created_time,story,id
created_time,message,story,id
created_time,message,id
created_time,story,id
created_time,message,id
created_time,message,story,id
created_time,message,id
created_time,message,id
created_time,message,id
created_time,message,story,id
created_time,message,id
created_time,message,id
created_time,message,id
created_time,message,id
created_time,message,id
created_time,message,id
created_time,message,story,id
created_time,message,id
created_time,message,id
created_time,message,id
created_time,message,id
created_time,message,id
created_time,message,id
created_time,id
created_time,message,id
created_time,message,story,id
created_time,message,story,id
created_time,message,id
created_time,story,id
created_time,message,id
created_time,message,id
created_time,message,id
created_time,message,id
created_time,message,id
created_time,message,id
created_time,message,id
created_time,message,id
created_time,message,id
created_time,message,id
created_time,message,id
created_time,message,id
created_time,message,id
created_time,message,id
created_time,message,id
created_time,message,id
created_time,story,id
created_time,id
created_time,id
created_time,id
created_time,message,id
